{
    "pools": [
      {
        "rolls": 1,
        "entries": [
          {
            "type": "minecraft:item",
            "name": "minecraft:gold_block",
            "functions": [
              {
                "function": "minecraft:set_count",
                "count": {
                  "min": 2,
                  "max": 4
                }
              }
            ]
          }
        ]
      },
      {
        "rolls": 1,
        "entries": [
          {
            "type": "minecraft:item",
            "name": "minecraft:diamond",
            "functions": [
              {
                "function": "minecraft:set_count",
                "count": {
                  "min": 3,
                  "max": 7
                }
              }
            ]
          }
        ]
      },
      {
        "rolls": 5,
        "entries": [
          {
            "type": "minecraft:loot_table",
            "name": "dnl:items/sharpened_bone"
          },
          {
            "type": "minecraft:loot_table",
            "name": "dnl:items/staring_flesh"
          }
        ]
      }
    ]
  }
  