{
  "type": "minecraft:chest",
  "pools": [
    {
      "rolls": {
        "min": 0,
        "max": 1
      },
      "entries": [
        {
          "type": "minecraft:item",
          "name": "minecraft:book",
          "functions": [
            {
              "function": "minecraft:enchant_with_levels",
              "levels": {
                "min": 5,
                "max": 16
              }
            }
          ]
        }
      ]
    },
    {
      "rolls": 1,
      "entries": [
        {
          "type": "minecraft:loot_table",
          "name": "minecraft:chests/woodland_mansion"
        },
        {
          "type": "minecraft:loot_table",
          "name": "minecraft:chests/village/village_toolsmith"
        },
        {
          "type": "minecraft:loot_table",
          "name": "minecraft:chests/simple_dungeon"
        }
      ]
    },
    {
      "rolls": {
        "min": 1,
        "max": 2
      },
      "entries": [
        {
          "type": "minecraft:group",
          "children": [
            {
              "type": "minecraft:item",
              "name": "minecraft:iron_nugget",
              "functions": [
                {
                  "function": "minecraft:set_count",
                  "count": {
                    "min": 24,
                    "max": 48
                  }
                }
              ]
            },
            {
              "type": "minecraft:item",
              "name": "minecraft:gold_nugget",
              "functions": [
                {
                  "function": "minecraft:set_count",
                  "count": {
                    "min": 16,
                    "max": 48
                  }
                }
              ]
            },
            {
              "type": "minecraft:item",
              "name": "minecraft:iron_ingot",
              "functions": [
                {
                  "function": "minecraft:set_count",
                  "count": {
                    "min": 4,
                    "max": 18
                  }
                }
              ]
            },
            {
              "type": "minecraft:item",
              "name": "minecraft:iron_ore",
              "functions": [
                {
                  "function": "minecraft:set_count",
                  "count": {
                    "min": 8,
                    "max": 32
                  }
                }
              ]
            }
          ]
        }
      ]
    },
    {
      "rolls": 1,
      "entries": [
        {
          "type": "minecraft:item",
          "name": "minecraft:leather_helmet",
          "functions": [
            {
              "function": "minecraft:set_nbt",
              "tag": "{display:{color:2467351}}"
            }
          ]
        },
        {
          "type": "minecraft:item",
          "name": "minecraft:leather_chestplate",
          "functions": [
            {
              "function": "minecraft:set_nbt",
              "tag": "{display:{color:2467351}}"
            }
          ]
        },
        {
          "type": "minecraft:item",
          "name": "minecraft:leather_leggings",
          "functions": [
            {
              "function": "minecraft:set_nbt",
              "tag": "{display:{color:2467351}}"
            }
          ]
        },
        {
          "type": "minecraft:item",
          "name": "minecraft:leather_boots",
          "functions": [
            {
              "function": "minecraft:set_nbt",
              "tag": "{display:{color:2467351}}"
            }
          ]
        }
      ]
    },
    {
      "rolls": 1,
      "entries": [
        {
          "type": "minecraft:item",
          "name": "minecraft:dark_oak_sapling",
          "functions": [
            {
              "function": "minecraft:set_count",
              "count": {
                "min": 1,
                "max": 3
              }
            }
          ]
        },
        {
          "type": "minecraft:item",
          "name": "minecraft:oak_sapling",
          "functions": [
            {
              "function": "minecraft:set_count",
              "count": {
                "min": 1,
                "max": 2
              }
            }
          ]
        }
      ]
    },
    {
      "rolls": {
        "min": 1,
        "max": 2
      },
      "entries": [
        {
          "type": "minecraft:item",
          "name": "minecraft:iron_helmet",
          "functions": [
            {
              "function": "minecraft:enchant_with_levels",
              "levels": {
                "min": 10,
                "max": 20
              }
            }
          ]
        },
        {
          "type": "minecraft:item",
          "name": "minecraft:iron_chestplate",
          "functions": [
            {
              "function": "minecraft:enchant_with_levels",
              "levels": {
                "min": 10,
                "max": 20
              }
            }
          ]
        },
        {
          "type": "minecraft:item",
          "name": "minecraft:iron_leggings",
          "functions": [
            {
              "function": "minecraft:enchant_with_levels",
              "levels": {
                "min": 10,
                "max": 20
              }
            }
          ]
        },
        {
          "type": "minecraft:item",
          "name": "minecraft:iron_boots",
          "functions": [
            {
              "function": "minecraft:enchant_with_levels",
              "levels": {
                "min": 10,
                "max": 20
              }
            }
          ]
        },
        {
          "type": "minecraft:item",
          "name": "minecraft:iron_sword",
          "functions": [
            {
              "function": "minecraft:enchant_with_levels",
              "levels": {
                "min": 0,
                "max": 16
              }
            }
          ]
        }
      ]
    }
  ]
}