{
  "pools": [
    {
      "rolls": 1,
      "entries": [
        {
          "type": "minecraft:item",
          "name": "minecraft:bow",
          "functions": [
            {
              "function": "minecraft:set_nbt",
              "tag": "{display:{Name:'{\"text\":\"Fleshbone Bow\",\"color\":\"gold\",\"italic\":false}',Lore:['{\"text\":\"Undead Stun I\",\"color\":\"gray\",\"italic\":false}','{\"text\":\"Deals Slowness III for 4 seconds\",\"color\":\"dark_gray\",\"italic\":false}','{\"text\":\"on undead mobs.\",\"color\":\"dark_gray\",\"italic\":false}']},CustomModelData:17102,dnl.item:1b,dnl.bow:1b,dnl.plains:1b,dnl.fleshbone_bow:1b,dnl.unconvertable:1b,Enchantments:[{id:\"minecraft:punch\",lvl:2s}]}"
            }
          ]
        }
      ]
    }
  ]
}
