{
    "pools": [
      {
        "rolls": 1,
        "entries": [
          {
            "type": "minecraft:item",
            "name": "minecraft:goat_horn",
            "functions": [
              {
                "function": "minecraft:set_nbt",
                "tag": "{display:{Name:'{\"text\":\"Ominous Horn\",\"color\":\"gold\",\"italic\":false}',Lore:['{\"text\":\"Applies glowing effect to all\",\"color\":\"dark_gray\",\"italic\":false}','{\"text\":\"illagers within 30 blocks.\",\"color\":\"dark_gray\",\"italic\":false}']},CustomModelData:17107,dnl.item:1b,dnl.horn:1b,dnl.ominous_horn:1b,dnl.unconvertable:1b,Enchantments:[{}],instrument:\"minecraft:seek_goat_horn\"}"
              }
            ]
          }
        ]
      }
    ]
  }
  