{
    "pools": [
      {
        "rolls": 1,
        "entries": [
          {
            "type": "minecraft:item",
            "name": "minecraft:iron_axe",
            "functions": [
              {
                "function": "minecraft:set_nbt",
                "tag": "{display:{Name:'{\"text\":\"Royal Ominous Axe\",\"color\":\"light_purple\",\"italic\":false}',Lore:['{\"text\":\"Johnny\\'s Blessing\",\"color\":\"gray\",\"italic\":false}','{\"text\":\"Can recruit vindicator for \",\"color\":\"dark_gray\",\"italic\":false}','{\"text\":\"30 seconds by attacking. Can also\",\"color\":\"dark_gray\",\"italic\":false}','{\"text\":\"summon a recruited vindicator by\",\"color\":\"dark_gray\",\"italic\":false}','{\"text\":\"hitting non-vindicator mob for \",\"color\":\"dark_gray\",\"italic\":false}','{\"text\":\"a cost of 3 emeralds in off hand.\",\"color\":\"dark_gray\",\"italic\":false}']},CustomModelData:17105,dnl.item:1b,dnl.axe:1b,dnl.plains:1b,dnl.royal_ominous_axe:1b,dnl.unconvertable:1b,Enchantments:[{id:\"minecraft:sharpness\",lvl:3s}]}"
              }
            ]
          }
        ]
      }
    ]
  }
  