{
    "pools": [
      {
        "rolls": 1,
        "entries": [
          {
            "type": "minecraft:item",
            "name": "minecraft:crossbow",
            "functions": [
              {
                "function": "minecraft:set_nbt",
                "tag": "{display:{Name:'{\"text\":\"Royal Ominous Crossbow\",\"color\":\"light_purple\",\"italic\":false}',Lore:['{\"text\":\"Arrow Explosion\",\"color\":\"gray\",\"italic\":false}','{\"text\":\"All shot firework is loaded with\",\"color\":\"dark_gray\",\"italic\":false}','{\"text\":\"firework star. When firework\",\"color\":\"dark_gray\",\"italic\":false}','{\"text\":\"explodes without colliding, it\",\"color\":\"dark_gray\",\"italic\":false}','{\"text\":\"will also rain arrows.\",\"color\":\"dark_gray\",\"italic\":false}']},CustomModelData:17106,dnl.item:1b,dnl.crossbow:1b,dnl.plains:1b,dnl.royal_ominous_crossbow:1b,dnl.unconvertable:1b,Enchantments:[{id:\"minecraft:quick_charge\",lvl:3s}]}"
              }
            ]
          }
        ]
      }
    ]
  }
  