{
  "pools": [
    {
      "rolls": 1,
      "entries": [
        {
          "type": "minecraft:item",
          "name": "minecraft:iron_pickaxe",
          "functions": [
            {
              "function": "minecraft:set_nbt",
              "tag": "{display:{Name:'{\"text\":\"Spawner Breaker\",\"color\":\"gold\",\"italic\":false}',Lore:['{\"text\":\"Block Fragment I\",\"color\":\"gray\",\"italic\":false}','{\"text\":\"Deals Slowness III and Wither IV\",\"color\":\"dark_gray\",\"italic\":false}','{\"text\":\"for 3 seconds on mobs within\",\"color\":\"dark_gray\",\"italic\":false}','{\"text\":\"range of 7 when you break a\",\"color\":\"dark_gray\",\"italic\":false}','{\"text\":\"spawner.\",\"color\":\"dark_gray\",\"italic\":false}']},CustomModelData:17103,dnl.item:1b,dnl.pickaxe:1b,dnl.plains:1b,dnl.spawner_breaker:1b,dnl.unconvertable:1b,Enchantments:[{id:\"minecraft:punch\",lvl:2s}]}"
            }
          ]
        }
      ]
    }
  ]
}
