{
  "display": {
    "title": {
      "text": "A Quiet Place",
      "color": "blue"
    },
    "description": {
      "text": "Find a Monastery"
    },
    "icon": {
      "item": "minecraft:feather"
    },
    "frame": "task",
    "show_toast": true,
    "announce_to_chat": false,
    "hidden": false
  },
  "criteria": {
    "location0": {
      "trigger": "minecraft:location",
      "conditions": {
        "player": [
          {
            "condition": "minecraft:entity_properties",
            "entity": "this",
            "predicate": {
              "location": {
                "structure": "dungeons_arise:monastery"
              }
            }
          }
        ]
      }
    }
  },
  "requirements": [["location0"]]
}
