{
  "display": {
    "title": {
      "text": "Three Little Birds",
      "color": "gold"
    },
    "description": {
      "text": "Find an Aviary"
    },
    "icon": {
      "item": "minecraft:phantom_membrane"
    },
    "frame": "task",
    "show_toast": true,
    "announce_to_chat": true,
    "hidden": false
  },
  "criteria": {
    "location0": {
      "trigger": "minecraft:location",
      "conditions": {
        "player": [
          {
            "condition": "minecraft:entity_properties",
            "entity": "this",
            "predicate": {
              "location": {
                "structure": "dungeons_arise:aviary"
              }
            }
          }
        ]
      }
    }
  },
  "requirements": [["location0"]]
}
