{
  "name": "dungeons_arise:fungi/mushroom_house/mushroom_house_spawners",
  "fallback": "minecraft:empty",
  "elements": [
    {
      "weight": 1,
      "element": {
        "location": "dungeons_arise:mushroom_house/mushroom_house_piglin_0",
        "processors": "minecraft:empty",
        "projection": "rigid",
        "element_type": "minecraft:single_pool_element"
      }
    },
    {
      "weight": 1,
      "element": {
        "location": "dungeons_arise:mushroom_house/mushroom_house_piglin_1",
        "processors": "minecraft:empty",
        "projection": "rigid",
        "element_type": "minecraft:single_pool_element"
      }
    },
    {
      "weight": 1,
      "element": {
        "location": "dungeons_arise:mushroom_house/mushroom_house_piglin_2",
        "processors": "minecraft:empty",
        "projection": "rigid",
        "element_type": "minecraft:single_pool_element"
      }
    }
  ]
}