{
  "display": {
    "icon": {
      "item": "minecraft:slime_block"
    },
    "title": "Slime Sinkhole",
    "description": "Jump down into the sinkhole",
    "frame": "goal",
    "show_toast": true,
    "announce_to_chat": true,
    "hidden": false
  },
  "parent": "dnl:story/themes/hidden/locate",
  "criteria": {
    "locate_sinkhole": {
      "trigger": "minecraft:location",
      "conditions": {
        "player": {
          "location": {
            "structure": "dnl:sinkhole"
          }
        }
      }
    }
  },
  "requirements": [
    [
      "locate_sinkhole"
    ]
  ]
}