{
	"credit": "Made with Blockbench",
	"textures": {
		"3": "block/grass_block_side_plains",
		"8": "block/grass_block_top_plains",
		"12": "block/dirt",
		"17": "block/dark_oak_log",
		"18": "block/gray_wool",
		"19": "block/light_gray_wool",
		"20": "block/black_concrete",
		"particle": "block/dirt"
	},
	"elements": [
		{
			"from": [3, 1, 15],
			"to": [13, 3, 16],
			"faces": {
				"north": {"uv": [6, 1, 16, 3], "texture": "#3"},
				"east": {"uv": [2, 2, 3, 4], "texture": "#3"},
				"south": {"uv": [6, 1, 16, 3], "texture": "#3"},
				"west": {"uv": [0, 2, 1, 4], "texture": "#3"},
				"up": {"uv": [0, 0, 10, 1], "texture": "#3"},
				"down": {"uv": [0, 0, 10, 1], "texture": "#3"}
			}
		},
		{
			"from": [15, 1, 3],
			"to": [16, 3, 13],
			"rotation": {"angle": 0, "axis": "y", "origin": [20, 2, 15.5]},
			"faces": {
				"north": {"uv": [2, 2, 3, 4], "texture": "#3"},
				"east": {"uv": [6, 1, 16, 3], "texture": "#3"},
				"south": {"uv": [0, 2, 1, 4], "texture": "#3"},
				"west": {"uv": [6, 1, 16, 3], "texture": "#3"},
				"up": {"uv": [0, 0, 10, 1], "rotation": 270, "texture": "#3"},
				"down": {"uv": [0, 0, 10, 1], "rotation": 90, "texture": "#3"}
			}
		},
		{
			"from": [0, 1, 3],
			"to": [1, 3, 13],
			"rotation": {"angle": 0, "axis": "y", "origin": [20, 2, 15.5]},
			"faces": {
				"north": {"uv": [2, 2, 3, 4], "texture": "#3"},
				"east": {"uv": [6, 1, 16, 3], "texture": "#3"},
				"south": {"uv": [0, 2, 1, 4], "texture": "#3"},
				"west": {"uv": [6, 1, 16, 3], "texture": "#3"},
				"up": {"uv": [0, 0, 10, 1], "rotation": 270, "texture": "#3"},
				"down": {"uv": [0, 0, 10, 1], "rotation": 90, "texture": "#3"}
			}
		},
		{
			"from": [3, 1, 0],
			"to": [13, 3, 1],
			"faces": {
				"north": {"uv": [6, 1, 16, 3], "texture": "#3"},
				"east": {"uv": [2, 2, 3, 4], "texture": "#3"},
				"south": {"uv": [6, 1, 16, 3], "texture": "#3"},
				"west": {"uv": [0, 2, 1, 4], "texture": "#3"},
				"up": {"uv": [0, 0, 10, 1], "texture": "#3"},
				"down": {"uv": [0, 0, 10, 1], "texture": "#3"}
			}
		},
		{
			"from": [1, 1, 1],
			"to": [15, 3, 15],
			"faces": {
				"north": {"uv": [0, 1, 14, 3], "texture": "#3"},
				"east": {"uv": [0, 1, 14, 3], "texture": "#3"},
				"south": {"uv": [0, 1, 14, 3], "texture": "#3"},
				"west": {"uv": [0, 1, 14, 3], "texture": "#3"},
				"up": {"uv": [0, 2, 14, 16], "texture": "#8"},
				"down": {"uv": [0, 2, 14, 16], "texture": "#3"}
			}
		},
		{
			"from": [2, 0, 2],
			"to": [14, 1, 14],
			"faces": {
				"north": {"uv": [0, 0, 12, 1], "texture": "#12"},
				"east": {"uv": [0, 0, 12, 1], "texture": "#12"},
				"south": {"uv": [0, 0, 12, 1], "texture": "#12"},
				"west": {"uv": [0, 0, 12, 1], "texture": "#12"},
				"up": {"uv": [0, 0, 12, 12], "texture": "#12"},
				"down": {"uv": [0, 0, 12, 12], "texture": "#12"}
			}
		},
		{
			"from": [2, 3, 2],
			"to": [4, 5, 14],
			"faces": {
				"north": {"uv": [0, 0, 2, 2], "texture": "#17"},
				"east": {"uv": [0, 0, 12, 2], "texture": "#17"},
				"south": {"uv": [0, 0, 2, 2], "texture": "#17"},
				"west": {"uv": [0, 0, 12, 2], "texture": "#17"},
				"up": {"uv": [0, 0, 2, 12], "texture": "#17"},
				"down": {"uv": [0, 0, 2, 12], "texture": "#17"}
			}
		},
		{
			"from": [7, 13, 1],
			"to": [9, 14, 15],
			"faces": {
				"north": {"uv": [0, 0, 2, 1], "texture": "#17"},
				"east": {"uv": [0, 0, 14, 1], "texture": "#17"},
				"south": {"uv": [0, 0, 2, 1], "texture": "#17"},
				"west": {"uv": [0, 0, 14, 1], "texture": "#17"},
				"up": {"uv": [0, 0, 2, 14], "texture": "#17"},
				"down": {"uv": [0, 0, 2, 14], "texture": "#17"}
			}
		},
		{
			"from": [7, 12, 1],
			"to": [9, 13, 2],
			"faces": {
				"north": {"uv": [0, 0, 2, 1], "texture": "#17"},
				"east": {"uv": [0, 0, 1, 1], "texture": "#17"},
				"south": {"uv": [0, 0, 2, 1], "texture": "#17"},
				"west": {"uv": [0, 0, 1, 1], "texture": "#17"},
				"up": {"uv": [0, 0, 2, 1], "texture": "#17"},
				"down": {"uv": [0, 0, 2, 1], "texture": "#17"}
			}
		},
		{
			"from": [7, 12, 14],
			"to": [9, 13, 15],
			"faces": {
				"north": {"uv": [0, 0, 2, 1], "texture": "#17"},
				"east": {"uv": [0, 0, 1, 1], "texture": "#17"},
				"south": {"uv": [0, 0, 2, 1], "texture": "#17"},
				"west": {"uv": [0, 0, 1, 1], "texture": "#17"},
				"up": {"uv": [0, 0, 2, 1], "texture": "#17"},
				"down": {"uv": [0, 0, 2, 1], "texture": "#17"}
			}
		},
		{
			"from": [3, 5, 2],
			"to": [5, 7, 14],
			"faces": {
				"north": {"uv": [0, 0, 2, 2], "texture": "#18"},
				"east": {"uv": [0, 0, 12, 2], "texture": "#18"},
				"south": {"uv": [0, 0, 2, 2], "texture": "#18"},
				"west": {"uv": [0, 0, 12, 2], "texture": "#18"},
				"up": {"uv": [0, 0, 2, 12], "texture": "#18"},
				"down": {"uv": [0, 0, 2, 12], "texture": "#18"}
			}
		},
		{
			"from": [4, 7, 2],
			"to": [6, 9, 14],
			"faces": {
				"north": {"uv": [0, 0, 2, 2], "texture": "#19"},
				"east": {"uv": [0, 0, 12, 2], "texture": "#19"},
				"south": {"uv": [0, 0, 2, 2], "texture": "#19"},
				"west": {"uv": [0, 0, 12, 2], "texture": "#19"},
				"up": {"uv": [0, 0, 2, 12], "texture": "#19"},
				"down": {"uv": [0, 0, 2, 12], "texture": "#19"}
			}
		},
		{
			"from": [5, 9, 2],
			"to": [7, 11, 14],
			"faces": {
				"north": {"uv": [0, 0, 2, 2], "texture": "#18"},
				"east": {"uv": [0, 0, 12, 2], "texture": "#18"},
				"south": {"uv": [0, 0, 2, 2], "texture": "#18"},
				"west": {"uv": [0, 0, 12, 2], "texture": "#18"},
				"up": {"uv": [0, 0, 2, 12], "texture": "#18"},
				"down": {"uv": [0, 0, 2, 12], "texture": "#18"}
			}
		},
		{
			"from": [6, 11, 2],
			"to": [8, 13, 14],
			"faces": {
				"north": {"uv": [0, 0, 2, 2], "texture": "#19"},
				"east": {"uv": [0, 0, 12, 2], "texture": "#19"},
				"south": {"uv": [0, 0, 2, 2], "texture": "#19"},
				"west": {"uv": [0, 0, 12, 2], "texture": "#19"},
				"up": {"uv": [0, 0, 2, 12], "texture": "#19"},
				"down": {"uv": [0, 0, 2, 12], "texture": "#19"}
			}
		},
		{
			"from": [12, 3, 2],
			"to": [14, 5, 14],
			"rotation": {"angle": 0, "axis": "y", "origin": [5, 8, 8]},
			"faces": {
				"north": {"uv": [0, 0, 2, 2], "texture": "#17"},
				"east": {"uv": [0, 0, 12, 2], "texture": "#17"},
				"south": {"uv": [0, 0, 2, 2], "texture": "#17"},
				"west": {"uv": [0, 0, 12, 2], "texture": "#17"},
				"up": {"uv": [0, 0, 2, 12], "rotation": 180, "texture": "#17"},
				"down": {"uv": [0, 0, 2, 12], "rotation": 180, "texture": "#17"}
			}
		},
		{
			"from": [11, 5, 2],
			"to": [13, 7, 14],
			"rotation": {"angle": 0, "axis": "y", "origin": [5, 8, 8]},
			"faces": {
				"north": {"uv": [0, 0, 2, 2], "texture": "#18"},
				"east": {"uv": [0, 0, 12, 2], "texture": "#18"},
				"south": {"uv": [0, 0, 2, 2], "texture": "#18"},
				"west": {"uv": [0, 0, 12, 2], "texture": "#18"},
				"up": {"uv": [0, 0, 2, 12], "rotation": 180, "texture": "#18"},
				"down": {"uv": [0, 0, 2, 12], "rotation": 180, "texture": "#18"}
			}
		},
		{
			"from": [7, 9, 3],
			"to": [9, 11, 13],
			"faces": {
				"north": {"uv": [0, 0, 2, 2], "texture": "#20"},
				"east": {"uv": [0, 0, 10, 2], "texture": "#20"},
				"south": {"uv": [0, 0, 2, 2], "texture": "#20"},
				"west": {"uv": [0, 0, 10, 2], "texture": "#20"},
				"up": {"uv": [0, 0, 2, 10], "texture": "#20"},
				"down": {"uv": [0, 0, 2, 10], "texture": "#20"}
			}
		},
		{
			"from": [6, 7, 3],
			"to": [10, 9, 13],
			"faces": {
				"north": {"uv": [0, 0, 4, 2], "texture": "#20"},
				"east": {"uv": [0, 0, 10, 2], "texture": "#20"},
				"south": {"uv": [0, 0, 4, 2], "texture": "#20"},
				"west": {"uv": [0, 0, 10, 2], "texture": "#20"},
				"up": {"uv": [0, 0, 4, 10], "texture": "#20"},
				"down": {"uv": [0, 0, 4, 10], "texture": "#20"}
			}
		},
		{
			"from": [5, 5, 3],
			"to": [11, 7, 13],
			"faces": {
				"north": {"uv": [0, 0, 6, 2], "texture": "#20"},
				"east": {"uv": [0, 0, 10, 2], "texture": "#20"},
				"south": {"uv": [0, 0, 6, 2], "texture": "#20"},
				"west": {"uv": [0, 0, 10, 2], "texture": "#20"},
				"up": {"uv": [0, 0, 6, 10], "texture": "#20"},
				"down": {"uv": [0, 0, 6, 10], "texture": "#20"}
			}
		},
		{
			"from": [4, 3, 3],
			"to": [12, 5, 13],
			"faces": {
				"north": {"uv": [0, 0, 8, 2], "texture": "#20"},
				"east": {"uv": [0, 0, 10, 2], "texture": "#20"},
				"south": {"uv": [0, 0, 8, 2], "texture": "#20"},
				"west": {"uv": [0, 0, 10, 2], "texture": "#20"},
				"up": {"uv": [0, 0, 8, 10], "texture": "#20"},
				"down": {"uv": [0, 0, 8, 10], "texture": "#20"}
			}
		},
		{
			"from": [10, 7, 2],
			"to": [12, 9, 14],
			"rotation": {"angle": 0, "axis": "y", "origin": [5, 8, 8]},
			"faces": {
				"north": {"uv": [0, 0, 2, 2], "texture": "#19"},
				"east": {"uv": [0, 0, 12, 2], "texture": "#19"},
				"south": {"uv": [0, 0, 2, 2], "texture": "#19"},
				"west": {"uv": [0, 0, 12, 2], "texture": "#19"},
				"up": {"uv": [0, 0, 2, 12], "rotation": 180, "texture": "#19"},
				"down": {"uv": [0, 0, 2, 12], "rotation": 180, "texture": "#19"}
			}
		},
		{
			"from": [9, 9, 2],
			"to": [11, 11, 14],
			"rotation": {"angle": 0, "axis": "y", "origin": [5, 8, 8]},
			"faces": {
				"north": {"uv": [0, 0, 2, 2], "texture": "#18"},
				"east": {"uv": [0, 0, 12, 2], "texture": "#18"},
				"south": {"uv": [0, 0, 2, 2], "texture": "#18"},
				"west": {"uv": [0, 0, 12, 2], "texture": "#18"},
				"up": {"uv": [0, 0, 2, 12], "rotation": 180, "texture": "#18"},
				"down": {"uv": [0, 0, 2, 12], "rotation": 180, "texture": "#18"}
			}
		},
		{
			"from": [8, 11, 2],
			"to": [10, 13, 14],
			"rotation": {"angle": 0, "axis": "y", "origin": [5, 8, 8]},
			"faces": {
				"north": {"uv": [0, 0, 2, 2], "texture": "#19"},
				"east": {"uv": [0, 0, 12, 2], "texture": "#19"},
				"south": {"uv": [0, 0, 2, 2], "texture": "#19"},
				"west": {"uv": [0, 0, 12, 2], "texture": "#19"},
				"up": {"uv": [0, 0, 2, 12], "rotation": 180, "texture": "#19"},
				"down": {"uv": [0, 0, 2, 12], "rotation": 180, "texture": "#19"}
			}
		}
	],
	"display": {
		"thirdperson_righthand": {
			"translation": [0, 3, 0],
			"scale": [0.5, 0.5, 0.5]
		},
		"thirdperson_lefthand": {
			"scale": [0.5, 0.5, 0.5]
		},
		"ground": {
			"translation": [0, 3.5, 0],
			"scale": [0.7, 0.7, 0.7]
		},
		"gui": {
			"rotation": [28, -45, 0],
			"translation": [0, 2.5, 0],
			"scale": [0.85, 0.85, 0.85]
		},
		"fixed": {
			"rotation": [-90, 0, 0],
			"translation": [0, 0, -12],
			"scale": [1.4, 1.4, 1.4]
		}
	},
	"groups": [
		0,
		1,
		2,
		3,
		4,
		5,
		{
			"name": "tent",
			"origin": [8, 8, 8],
			"color": 0,
			"children": [6, 7, 8, 9, 10, 11, 12, 13, 14, 15, 16, 17, 18, 19, 20, 21, 22]
		}
	]
}