{
    "display": {
      "icon": {
        "item": "minecraft:iron_axe"
      },
      "title": "Destroying the Raid",
      "description": "Complete the hard raid that has the red bar!",
      "frame": "task",
      "show_toast": true,
      "announce_to_chat": true,
      "hidden": false
    },
    "parent": "dnl:story/structures/pillager_camp/complete_normal_raid",
    "criteria": {
      "hard_raid": {
        "trigger": "minecraft:player_generates_container_loot",
        "conditions": {
          "loot_table": "dnl:structures/outpost/chests/raid_rare"
        }
      }
    }
  }
  