{
    "display": {
      "icon": {
        "item": "minecraft:emerald",
        "nbt": "{CustomModelData:17004}"
      },
      "title": "Bad Deal?",
      "description": "Make a trade with the Ominous Trader that spawns after defeating the Camp Chief",
      "frame": "task",
      "show_toast": true,
      "announce_to_chat": true,
      "hidden": false
    },
    "parent": "dnl:story/structures/pillager_camp/camp_chief",
    "criteria": {
      "trade": {
        "trigger": "minecraft:villager_trade",
        "conditions": {
          "villager": {
            "nbt": "{Tags:[\"dnl.ominous_trader\"]}"
          }
        }
      }
    }
  }
  