{
    "display": {
      "icon": {
        "item": "minecraft:crossbow",
        "nbt": "{CustomModelData:17106}"
      },
      "title": "Bad Omen, but not for Me",
      "description": "Evolve either the ominous crossbow or axe.",
      "frame": "challenge",
      "show_toast": true,
      "announce_to_chat": true,
      "hidden": false
    },
    "parent": "dnl:story/structures/pillager_camp/ominous_trader",
    "criteria": {
      "royal ominous axe": {
        "trigger": "minecraft:inventory_changed",
        "conditions": {
          "items": [
            {
              "items": [
                "minecraft:iron_axe"
              ],
              "nbt": "{dnl.royal_ominous_axe:1b}"
            }
          ]
        }
      },
      "royal ominous crossbow": {
        "trigger": "minecraft:inventory_changed",
        "conditions": {
          "items": [
            {
              "items": [
                "minecraft:crossbow"
              ],
              "nbt": "{dnl.royal_ominous_crossbow:1b}"
            }
          ]
        }
      }
    },
    "requirements": [
      [
        "royal ominous axe",
        "royal ominous crossbow"
      ]
    ]
  }
  