{
    "display": {
      "icon": {
        "item": "minecraft:trapped_chest"
      },
      "title": "Solving the Maze",
      "description": "Open the chest in the heart of the Labyrinth!",
      "frame": "task",
      "show_toast": true,
      "announce_to_chat": true,
      "hidden": false
    },
    "parent": "dnl:story/structures/labyrinth/locate",
    "criteria": {
      "open_spawner_chest": {
        "trigger": "minecraft:player_generates_container_loot",
        "conditions": {
          "loot_table": "dnl:structures/dungeon/chests/reward"
        }
      }
    },
    "requirements": [
      [
        "open_spawner_chest"
      ]
    ]
  }
  